Actual,Predicted,Error,,X_std,Y_std,,X_100,Y_100
8.782,8.881776764,-0.099776764,,-0.71512076,-1.001013411,,0.08782,0.088817768
56.09,18.22970578,37.86029422,,1.432596355,-0.108900078,,0.5609,0.182297058
9.808,10.33854437,-0.530544375,,-0.668541793,-0.861987772,,0.09808,0.103385444
9.679,19.11557669,-9.436576689,,-0.674398213,-0.024357583,,0.09679,0.191155767
7.756,19.52482541,-11.76882541,,-0.761699727,0.014698794,,0.07756,0.195248254
3.654,13.62194529,-9.96794529,,-0.947924797,-0.548638609,,0.03654,0.136219453
2.5,13.81627512,-11.31627512,,-1.000314785,-0.530092872,,0.025,0.138162751
4.679,11.21716451,-6.538164508,,-0.901391229,-0.778137249,,0.04679,0.112171645
20.321,7.596499692,12.72450031,,-0.191266279,-1.123672966,,0.20321,0.075964997
5.064,13.6628872,-8.598887198,,-0.883912766,-0.544731345,,0.05064,0.136628872
5.192,11.76862066,-6.576620662,,-0.878101745,-0.725509401,,0.05192,0.117686207
3.397,10.20868034,-6.811680338,,-0.959592238,-0.874381259,,0.03397,0.102086803
6.474,11.47963646,-5.005636461,,-0.819900736,-0.753088414,,0.06474,0.114796365
6.218,9.700827616,-3.482827616,,-0.831522778,-0.922847843,,0.06218,0.097008276
26.218,26.1179459,0.100054102,,0.076449283,0.643908824,,0.26218,0.261179459
26.731,8.962318929,17.76868107,,0.099738767,-0.993326924,,0.26731,0.089623189
61.346,42.83833281,18.50766719,,1.671211412,2.239607728,,0.61346,0.428383328
62.372,28.38176893,33.99023107,,1.717790379,0.859955256,,0.62372,0.283817689
46.731,9.458956318,37.27204368,,1.007710828,-0.945930668,,0.46731,0.094589563
6.218,6.202366474,0.015633526,,-0.831522778,-1.256721134,,0.06218,0.062023665
25.962,10.09473629,15.86726371,,0.064827241,-0.885255432,,0.25962,0.100947363
4.551,10.71966063,-6.168660629,,-0.90720225,-0.825616198,,0.04551,0.107196606
6.859,12.37482935,-5.515829345,,-0.802422274,-0.667656282,,0.06859,0.123748294
7.628,10.46083816,-2.83283816,,-0.767510748,-0.850316746,,0.07628,0.104608382
20.064,8.520882306,11.54311769,,-0.20293372,-1.035455131,,0.20064,0.085208823
64.679,6.831287299,57.8477127,,1.822524957,-1.196700497,,0.64679,0.068312873
7.756,7.092219981,0.663780019,,-0.761699727,-1.171798562,,0.07756,0.0709222
4.808,8.275818746,-3.467818746,,-0.895534809,-1.058842608,,0.04808,0.082758187
36.474,9.435499263,27.03850074,,0.542057356,-0.948169276,,0.36474,0.094354993
0.962,4.860477038,-3.898477038,,-1.070137836,-1.384783452,,0.00962,0.04860477
9.038,7.148854558,1.889145442,,-0.703498718,-1.166393679,,0.09038,0.071488546
39.936,8.853563183,31.08243682,,0.69922732,-1.003705955,,0.39936,0.088535632
54.423,7.734564055,46.68843594,,1.356916883,-1.110496886,,0.54423,0.077345641
2.115,8.083273455,-5.968273455,,-1.017793247,-1.077218038,,0.02115,0.080832735
7.628,15.94612558,-8.318125581,,-0.767510748,-0.326832022,,0.07628,0.159461256
22.115,20.28740217,1.827597835,,-0.109821185,0.087474795,,0.22115,0.202874022
6.987,7.414852686,-0.427852686,,-0.796611253,-1.141008326,,0.06987,0.074148527
32.885,23.17429306,9.710706943,,0.37912177,0.36298329,,0.32885,0.231742931
7.628,7.870868335,-0.242868335,,-0.767510748,-1.097488779,,0.07628,0.078708683
71.09,57.1414917,13.9485083,,2.113575401,3.604620098,,0.7109,0.571414917
50,18.48226753,31.51773247,,1.156118862,-0.084797018,,0.5,0.184822675
61.09,60.99025594,0.099744057,,1.65958937,3.971924331,,0.6109,0.609902559
24.295,24.1947194,0.100280601,,-0.010852231,0.460366993,,0.24295,0.241947194
2.885,12.21378361,-9.328783608,,-0.982836323,-0.683025574,,0.02885,0.122137836
34.551,26.57209491,7.978905093,,0.454755843,0.687250229,,0.34551,0.265720949
8.013,12.58917459,-4.576174588,,-0.750032286,-0.647200388,,0.08013,0.125891746
65.449,48.8063648,16.6426352,,1.857481881,2.809162856,,0.65449,0.488063648
4.551,12.12608754,-7.575087541,,-0.90720225,-0.691394789,,0.04551,0.121260875
50,35.16911122,14.83088878,,1.156118862,1.507700713,,0.5,0.351691112
24.423,15.36166517,9.061334833,,-0.005041209,-0.38260961,,0.24423,0.153616652
24.423,15.94734555,8.475654447,,-0.005041209,-0.326715595,,0.24423,0.159473456
2.885,7.696253414,-4.811253414,,-0.982836323,-1.114153036,,0.02885,0.076962534
1.859,7.823475464,-5.964475464,,-1.029415289,-1.102011685,,0.01859,0.078234755
2.5,8.185001037,-5.685001037,,-1.000314785,-1.067509735,,0.025,0.08185001
3.013,6.328987182,-3.315987182,,-0.977025301,-1.244637172,,0.03013,0.063289872
45.192,32.0152196,13.1767804,,0.937842378,1.206711182,,0.45192,0.320152196
1.987,6.843835999,-4.856835999,,-1.023604268,-1.19550292,,0.01987,0.06843836
1.859,4.94143136,-3.08243136,,-1.029415289,-1.37705763,,0.01859,0.049414314
4.679,11.06281936,-6.383819358,,-0.901391229,-0.792867075,,0.04679,0.110628194
5.321,27.58470117,-22.26370117,,-0.872245325,0.783887629,,0.05321,0.275847012
5.577,9.992768881,-4.415768881,,-0.860623283,-0.894986624,,0.05577,0.099927689
4.167,8.186880942,-4.019880942,,-0.924635313,-1.067330327,,0.04167,0.081868809
11.603,5.903970437,5.699029563,,-0.587051301,-1.28519836,,0.11603,0.059039704
6.346,12.73114344,-6.385143442,,-0.825711757,-0.633651685,,0.06346,0.127311434
6.603,5.162674858,1.440325142,,-0.814044316,-1.355943406,,0.06603,0.051626749
3.782,7.861978252,-4.079978252,,-0.942113776,-1.098337198,,0.03782,0.078619783
4.551,8.097784484,-3.546784484,,-0.90720225,-1.075833188,,0.04551,0.080977845
5.449,12.57614235,-7.127142352,,-0.866434304,-0.64844411,,0.05449,0.125761424
5.064,7.177355886,-2.113355886,,-0.883912766,-1.163673674,,0.05064,0.071773559
4.808,19.42068286,-14.61268286,,-0.895534809,0.00476002,,0.04808,0.194206829
35.192,15.3822361,19.8097639,,0.483856347,-0.380646437,,0.35192,0.153822361
60.449,60.34905883,0.099941173,,1.630488865,3.910732114,,0.60449,0.603490588
72.885,52.11786243,20.76713757,,2.195065893,3.12519341,,0.72885,0.521178624
14.808,43.97538771,-29.16738771,,-0.441548778,2.348121799,,0.14808,0.439753877
61.731,36.88239096,24.84860904,,1.688689875,1.671206414,,0.61731,0.36882391
53.782,49.76954485,4.012455149,,1.327816379,2.901083298,,0.53782,0.497695449
15.064,35.79539198,-20.73139198,,-0.429926736,1.567469396,,0.15064,0.35795392
13.013,24.25224518,-11.23924518,,-0.523039271,0.465856927,,0.13013,0.242522452
10.833,13.45839148,-2.625391475,,-0.622008225,-0.564247257,,0.10833,0.134583915
12.885,10.69746137,2.187538626,,-0.528850292,-0.827734769,,0.12885,0.106974614
12.372,14.28975579,-1.917755791,,-0.552139775,-0.484906562,,0.12372,0.142897558
10.962,26.59535951,-15.63335951,,-0.616151805,0.689470471,,0.10962,0.265953595
11.346,11.2463055,0.099694501,,-0.598718742,-0.775356198,,0.11346,0.112463055
11.859,13.23681325,-1.377813253,,-0.575429258,-0.585393426,,0.11859,0.132368133
14.423,14.32312805,0.099871948,,-0.45902724,-0.481721702,,0.14423,0.143231281
30.192,24.31142048,5.880579517,,0.256863332,0.471504283,,0.30192,0.243114205
9.808,18.54451824,-8.736518235,,-0.668541793,-0.078856163,,0.09808,0.185445182
10.705,12.03934025,-1.33434025,,-0.627819246,-0.699673459,,0.10705,0.120393403
9.936,8.470759021,1.465240979,,-0.662730772,-1.040238614,,0.09936,0.08470759
3.397,11.41049306,-8.013493061,,-0.959592238,-0.759687068,,0.03397,0.114104931
54.423,48.33989034,6.083109662,,1.356916883,2.764645179,,0.54423,0.483398903
11.474,16.74280897,-5.268808966,,-0.592907721,-0.250801078,,0.11474,0.16742809
5.833,9.003676447,-3.170676447,,-0.849001241,-0.989379997,,0.05833,0.090036764
6.603,6.702896545,-0.099896545,,-0.814044316,-1.208953383,,0.06603,0.067028965
3.91,11.79331961,-7.883319607,,-0.936302754,-0.723152274,,0.0391,0.117933196
5.192,21.80891965,-16.61691965,,-0.878101745,0.232679796,,0.05192,0.218089197
5.962,8.836175598,-2.874175598,,-0.843144821,-1.005365328,,0.05962,0.088361756
8.526,8.195046979,0.330953021,,-0.726742803,-1.066551007,,0.08526,0.08195047
9.038,9.144126962,-0.106126962,,-0.703498718,-0.975976196,,0.09038,0.09144127
34.679,8.542619707,26.13638029,,0.460566864,-1.033380637,,0.34679,0.085426197
7.5,7.585003101,-0.085003101,,-0.773321769,-1.124770135,,0.075,0.075850031
9.936,31.00861254,-21.07261254,,-0.662730772,1.110646313,,0.09936,0.310086125
7.5,7.583684533,-0.083684533,,-0.773321769,-1.124895972,,0.075,0.075836845
9.679,12.96373532,-3.284735315,,-0.674398213,-0.611454436,,0.09679,0.129637353
10.064,7.463519653,2.600480347,,-0.656919751,-1.136363827,,0.10064,0.074635197
10.064,14.67972499,-4.615724991,,-0.656919751,-0.447690113,,0.10064,0.14679725
33.782,48.95625856,-15.17425856,,0.419844317,2.823467866,,0.33782,0.489562586
17.244,13.97921283,3.264787173,,-0.330957781,-0.514543021,,0.17244,0.139792128
34.295,34.3946727,-0.099672699,,0.4431338,1.433792691,,0.34295,0.343946727
16.859,12.64627286,4.212727143,,-0.348436243,-0.641751253,,0.16859,0.126462729
13.654,13.55408296,0.099917045,,-0.493938766,-0.555115005,,0.13654,0.13554083
8.269,17.89104525,-9.622045249,,-0.738410244,-0.141219919,,0.08269,0.178910453
9.038,9.400931717,-0.362931717,,-0.703498718,-0.951468207,,0.09038,0.094009317
7.885,13.00507038,-5.120070384,,-0.755843307,-0.607509651,,0.07885,0.130050704
18.91,10.32573118,8.584268818,,-0.255323708,-0.86321059,,0.1891,0.103257312
6.474,8.466694554,-1.992694554,,-0.819900736,-1.040626503,,0.06474,0.084666946
26.731,11.75089299,14.98010701,,0.099738767,-0.727201229,,0.26731,0.11750893
6.987,7.087236657,-0.100236657,,-0.796611253,-1.172274142,,0.06987,0.070872367
58.141,26.77428389,31.36671611,,1.52570889,0.706546,,0.58141,0.267742839
70.705,14.40989663,56.29510337,,2.096096939,-0.473441001,,0.70705,0.144098966
9.808,14.72612886,-4.918128859,,-0.668541793,-0.443261591,,0.09808,0.147261289
21.218,13.2277313,7.990268697,,-0.150543732,-0.586260156,,0.21218,0.132277313
20.192,9.988873871,10.20312613,,-0.197122699,-0.895358342,,0.20192,0.099888739
8.91,9.303518019,-0.393518019,,-0.709309739,-0.960764817,,0.0891,0.09303518
7.885,8.300472528,-0.415472528,,-0.755843307,-1.056489791,,0.07885,0.083004725
8.013,5.543992848,2.469007152,,-0.750032286,-1.319552579,,0.08013,0.055439928
39.551,6.952045705,32.5989543,,0.681748858,-1.185176,,0.39551,0.069520457
26.987,15.09712262,11.88987738,,0.111360809,-0.40785605,,0.26987,0.150971226
10.705,7.754817579,2.950182421,,-0.627819246,-1.108564005,,0.10705,0.077548176
11.346,10.91263491,0.433365091,,-0.598718742,-0.807199827,,0.11346,0.109126349
64.038,13.05347224,50.98452776,,1.793424452,-0.602890453,,0.64038,0.130534722
90.833,48.38726643,42.44573357,,3.009880022,2.769166484,,0.90833,0.483872664
72.244,33.80314322,38.44085678,,2.165965389,1.377340473,,0.72244,0.338031432
9.423,8.953918471,0.469081529,,-0.686020256,-0.994128616,,0.09423,0.089539185
19.808,6.978513857,12.82948614,,-0.214555763,-1.182650029,,0.19808,0.069785139
10.705,8.982201217,1.722798783,,-0.627819246,-0.991429471,,0.10705,0.089822012
10.705,10.44896891,0.256031095,,-0.627819246,-0.851449481,,0.10705,0.104489689
20.833,7.611434303,13.2215657,,-0.168022194,-1.122247691,,0.20833,0.076114343
2.885,17.42499832,-14.53999832,,-0.982836323,-0.185696795,,0.02885,0.174249983
5.064,20.79476522,-15.73076522,,-0.883912766,0.135894648,,0.05064,0.207947652
5.962,16.41673257,-10.45473257,,-0.843144821,-0.28191996,,0.05962,0.164167326
6.731,16.89248529,-10.16148529,,-0.808233295,-0.236516819,,0.06731,0.168924853
85.962,43.29460798,42.66739202,,2.788743426,2.283152043,,0.85962,0.43294608
50,16.80789499,33.19210501,,1.156118862,-0.244589637,,0.5,0.16807895
17.115,16.64731792,0.46768208,,-0.336814201,-0.259914202,,0.17115,0.166473179
13.141,16.45978779,-3.318787791,,-0.517228249,-0.277811014,,0.13141,0.164597878
18.269,22.12096509,-3.851965093,,-0.284424213,0.262459643,,0.18269,0.221209651
19.936,35.43610922,-15.50010922,,-0.208744741,1.533181487,,0.19936,0.354361092
17.244,16.80902125,0.434978753,,-0.330957781,-0.244482154,,0.17244,0.168090213
12.115,17.46586808,-5.35086808,,-0.563807216,-0.181796417,,0.12115,0.174658681
21.218,21.45896192,-0.24096192,,-0.150543732,0.199281814,,0.21218,0.214589619
15.962,21.97542472,-6.013424724,,-0.38915879,0.248570095,,0.15962,0.219754247
13.397,23.44724499,-10.05024499,,-0.505606207,0.389032275,,0.13397,0.23447245
74.038,20.55042258,53.48757742,,2.247410483,0.112575972,,0.74038,0.205504226
59.936,43.55329922,16.38270078,,1.607199382,2.307840068,,0.59936,0.435532992
18.526,20.609481,-2.083480997,,-0.272756772,0.118212172,,0.18526,0.20609481
66.09,10.99105358,55.09894642,,1.886582385,-0.799715994,,0.6609,0.109910536
10.449,31.08362641,-20.63462641,,-0.639441289,1.117805211,,0.10449,0.310836264
12.5,19.27924601,-6.779246012,,-0.546328754,-0.008737911,,0.125,0.19279246
74.167,15.31664798,58.85035202,,2.253266903,-0.386905794,,0.74167,0.15316648
9.679,13.1396996,-3.460699602,,-0.674398213,-0.594661402,,0.09679,0.131396996
18.141,14.42206434,3.718935663,,-0.290235234,-0.472279784,,0.18141,0.144220643
17.885,16.02855233,1.856447674,,-0.301857276,-0.318965681,,0.17885,0.160285523
15.064,14.42877398,0.63522602,,-0.429926736,-0.471639454,,0.15064,0.14428774
11.859,14.15293676,-2.293936762,,-0.575429258,-0.497963794,,0.11859,0.141529368
72.244,23.01653192,49.22746808,,2.165965389,0.347927462,,0.72244,0.230165319
18.526,16.43086347,2.095136527,,-0.272756772,-0.280571387,,0.18526,0.164308635
30.962,15.43956575,15.52243425,,0.291820256,-0.37517522,,0.30962,0.154395658
17.5,16.06012637,1.439873633,,-0.319335738,-0.315952434,,0.175,0.160601264
15.192,18.81770711,-3.625707108,,-0.424115714,-0.052784566,,0.15192,0.188177071
14.936,13.39198415,1.54401585,,-0.435737757,-0.570584796,,0.14936,0.133919842
17.244,12.0226988,5.221301197,,-0.330957781,-0.701261624,,0.17244,0.120226988
20.321,18.93471132,1.386288677,,-0.191266279,-0.041618348,,0.20321,0.189347113
19.038,12.99182132,6.046178685,,-0.249512687,-0.608774067,,0.19038,0.129918213
50.321,33.50073549,16.82026451,,1.170691813,1.348480394,,0.50321,0.335007355
18.782,18.86028867,-0.078288675,,-0.261134729,-0.048720823,,0.18782,0.188602887
19.295,16.2365864,3.058413601,,-0.237845246,-0.299112089,,0.19295,0.162365864
28.91,17.85465693,11.05534307,,0.198662323,-0.144692613,,0.2891,0.178546569
15.577,14.24504431,1.331955687,,-0.406637252,-0.489173572,,0.15577,0.142450443
14.295,15.64051229,-1.345512294,,-0.464838261,-0.355998021,,0.14295,0.156405123
70.962,30.62080198,40.34119802,,2.10776438,1.073635872,,0.70962,0.30620802
16.603,13.68593106,2.917068942,,-0.360058285,-0.54253217,,0.16603,0.136859311
22.756,15.10431151,7.651688486,,-0.080720681,-0.407169983,,0.22756,0.151043115
22.115,15.6426069,6.472393103,,-0.109821185,-0.355798124,,0.22115,0.156426069
20.833,18.12034442,2.712655583,,-0.168022194,-0.119336907,,0.20833,0.181203444
78.91,15.96315698,62.94684302,,2.468592477,-0.325206642,,0.7891,0.15963157
21.731,14.3467945,7.384205498,,-0.127254249,-0.479463111,,0.21731,0.143467945
26.859,15.42389434,11.43510566,,0.105549788,-0.376670811,,0.26859,0.154238943
31.987,15.25793836,16.72906164,,0.338353824,-0.392508708,,0.31987,0.152579384
15.705,17.46834807,-1.76334807,,-0.400826231,-0.181559741,,0.15705,0.174683481
18.654,14.15356889,4.500431109,,-0.266945751,-0.497903467,,0.18654,0.141535689
78.141,24.24557314,53.89542686,,2.433680951,0.465220186,,0.78141,0.242455731
76.474,30.09433029,46.37966971,,2.35800148,1.023392399,,0.76474,0.300943303
17.5,25.18553366,-7.685533655,,-0.319335738,0.554924687,,0.175,0.251855337
72.628,37.69203444,34.93596556,,2.183398452,1.748474197,,0.72628,0.376920344
75.321,23.57881198,51.74218802,,2.305656891,0.401588282,,0.75321,0.23578812
24.167,19.87733621,4.289663788,,-0.016663252,0.048340426,,0.24167,0.198773362
24.423,38.56713971,-14.14413971,,-0.005041209,1.83198928,,0.24423,0.385671397
20.449,29.52166576,-9.072665755,,-0.185455258,0.968740544,,0.20449,0.295216658
52.5,23.12351183,29.37648817,,1.26961537,0.358137018,,0.525,0.231235118
22.244,22.14378351,0.100216491,,-0.103964765,0.264637303,,0.22244,0.221437835
70.064,33.82759824,36.23640176,,2.066996434,1.379674321,,0.70064,0.338275982
70.833,25.41042369,45.42257631,,2.10190796,0.576386916,,0.70833,0.254104237
47.244,29.70153793,17.54246207,,1.031000312,0.985906524,,0.47244,0.297015379
73.013,48.6935978,24.3194022,,2.200876915,2.798401012,,0.73013,0.486935978
66.731,50.63100872,16.09999128,,1.91568289,2.983296524,,0.66731,0.506310087
19.167,21.92718757,-2.760187569,,-0.243656267,0.243966615,,0.19167,0.219271876
8.141,28.22431711,-20.08331711,,-0.744221265,0.844928947,,0.08141,0.282243171
76.987,43.16663786,33.82036214,,2.381290963,2.2709393,,0.76987,0.431666379
20.321,27.98726346,-7.666263459,,-0.191266279,0.822305891,,0.20321,0.279872635
72.5,19.32310284,53.17689716,,2.177587431,-0.004552464,,0.725,0.193231028
23.654,23.75371553,-0.099715526,,-0.039952735,0.418280085,,0.23654,0.237537155
20.321,37.15073274,-16.82973274,,-0.191266279,1.696815432,,0.20321,0.371507327
24.038,28.52447508,-4.486475077,,-0.022519671,0.873574321,,0.24038,0.285244751
78.141,31.22094179,46.92005821,,2.433680951,1.130909812,,0.78141,0.312209418
59.295,21.6633342,37.6316658,,1.578098877,0.218785945,,0.59295,0.216633342
55.064,24.95881632,30.10518368,,1.386017388,0.53328807,,0.55064,0.249588163
24.551,22.04370283,2.507297172,,0.000769812,0.25508617,,0.24551,0.220437028
21.859,24.06541587,-2.206415868,,-0.121443228,0.448026998,,0.21859,0.240654159
21.218,28.82968899,-7.611688988,,-0.150543732,0.902702206,,0.21218,0.28829689
78.782,29.40674661,49.37525339,,2.462781456,0.957773312,,0.78782,0.294067466
23.654,35.21680296,-11.56280296,,-0.039952735,1.512252141,,0.23654,0.35216803
7.756,12.48720817,-4.731208173,,-0.761699727,-0.656931484,,0.07756,0.124872082
12.372,32.65639299,-20.28439299,,-0.552139775,1.267901134,,0.12372,0.32656393
11.603,17.03251544,-5.429515443,,-0.587051301,-0.223153135,,0.11603,0.170325154
32.885,31.93471735,0.950282647,,0.37912177,1.199028504,,0.32885,0.319347174
71.346,33.53965965,37.80634035,,2.125197443,1.352195095,,0.71346,0.335396597
30.321,34.61598074,-4.294980736,,0.262719752,1.454913076,,0.30321,0.346159807
21.603,21.50297398,0.100026017,,-0.13306527,0.203482076,,0.21603,0.21502974
64.038,15.69636174,48.34163826,,1.793424452,-0.350668067,,0.64038,0.156963617
51.987,32.29993402,19.68706598,,1.246325886,1.233882711,,0.51987,0.32299934
12.244,10.84727309,1.39672691,,-0.557950796,-0.813437588,,0.12244,0.108472731
11.346,11.24601967,0.099980326,,-0.598718742,-0.775383476,,0.11346,0.112460197
10.192,12.87897887,-2.686978873,,-0.65110873,-0.61954311,,0.10192,0.128789789
18.397,13.49947119,4.897528811,,-0.278613191,-0.560326842,,0.18397,0.134994712
6.987,16.16566474,-9.178664736,,-0.796611253,-0.30588045,,0.06987,0.161656647
5.962,21.88962395,-15.92762395,,-0.843144821,0.240381756,,0.05962,0.21889624
7.244,13.42444819,-6.180448193,,-0.784943812,-0.567486612,,0.07244,0.134244482
29.167,18.79886791,10.36813209,,0.210329764,-0.054582472,,0.29167,0.187988679
21.859,18.20781581,3.651184187,,-0.121443228,-0.110989133,,0.21859,0.182078158
17.372,15.84176945,1.530230551,,-0.32514676,-0.33679118,,0.17372,0.158417695
52.115,22.39290005,29.72209995,,1.252136907,0.288411573,,0.52115,0.223929001
79.936,21.8976015,58.0383985,,2.515171444,0.241143088,,0.79936,0.218976015
23.526,17.57714143,5.948858574,,-0.045763756,-0.17117712,,0.23526,0.175771414
29.295,17.90363679,11.39136321,,0.216140785,-0.140018254,,0.29295,0.179036368
38.654,40.92655599,-2.272555995,,0.641026311,2.05715859,,0.38654,0.40926556
10.962,18.11590491,-7.153904913,,-0.616151805,-0.119760588,,0.10962,0.181159049
7.756,13.40293303,-5.64693303,,-0.761699727,-0.569539897,,0.07756,0.13402933
0,11.23403933,-11.23403933,,-1.113811292,-0.776526812,,0,0.112340393
15.577,14.57159093,1.005409071,,-0.406637252,-0.458009814,,0.15577,0.145715909
15.577,16.90892037,-1.331920366,,-0.406637252,-0.234948348,,0.15577,0.169089204
8.013,11.82462648,-3.811626479,,-0.750032286,-0.720164523,,0.08013,0.118246265
10.962,14.81375172,-3.851751723,,-0.616151805,-0.434899362,,0.10962,0.148137517
14.295,12.72019496,1.57480504,,-0.464838261,-0.634696546,,0.14295,0.12720195
4.423,13.89424119,-9.471241193,,-0.913013271,-0.522652232,,0.04423,0.138942412
25.962,32.67799585,-6.715995851,,0.064827241,1.269962789,,0.25962,0.326779959
12.5,16.14826853,-3.648268529,,-0.546328754,-0.307540646,,0.125,0.161482685
0,11.62246411,-11.62246411,,-1.113811292,-0.739457753,,0,0.116224641
13.654,26.8668063,-13.2128063,,-0.493938766,0.715375814,,0.13654,0.268668063
8.141,10.7161915,-2.5751915,,-0.744221265,-0.825947272,,0.08141,0.107161915
5.833,9.882567562,-4.049567562,,-0.849001241,-0.905503613,,0.05833,0.098825676
9.167,10.39888532,-1.231885318,,-0.697642298,-0.856229174,,0.09167,0.103988853
1.09,10.68968098,-9.599680977,,-1.064326815,-0.828477286,,0.0109,0.10689681
1.346,8.361987336,-7.015987336,,-1.052704773,-1.050619166,,0.01346,0.083619873
25.192,21.84550346,3.346496542,,0.029870316,0.236171146,,0.25192,0.218455035
9.551,15.15489042,-5.603890417,,-0.680209234,-0.402343019,,0.09551,0.151548904
13.013,19.43796388,-6.424963882,,-0.523039271,0.006409223,,0.13013,0.194379639
13.654,14.33485602,-0.680856024,,-0.493938766,-0.480602451,,0.13654,0.14334856
14.295,12.28687504,2.00812496,,-0.464838261,-0.676050142,,0.14295,0.12286875
4.423,14.85451982,-10.43151982,,-0.913013271,-0.431008686,,0.04423,0.148545198
16.731,16.26899636,0.462003638,,-0.354247264,-0.296019066,,0.16731,0.162689964
8.397,12.52021929,-4.123219286,,-0.732599222,-0.653781091,,0.08397,0.125202193
1.603,11.06483113,-9.461831128,,-1.041037332,-0.792675083,,0.01603,0.110648311
1.474,10.64124306,-9.167243057,,-1.046893752,-0.833099926,,0.01474,0.106412431
11.218,25.59817467,-14.38017467,,-0.604529763,0.594304806,,0.11218,0.255981747
11.859,20.76581192,-8.906811918,,-0.575429258,0.133131509,,0.11859,0.207658119
1.859,15.2278481,-13.3688481,,-1.029415289,-0.395380351,,0.01859,0.152278481
22.628,22.72802194,-0.10002194,,-0.086531702,0.320393705,,0.22628,0.227280219
12.628,22.97851699,-10.35051699,,-0.540517733,0.344299532,,0.12628,0.22978517
25.192,17.8035582,7.388441804,,0.029870316,-0.149569187,,0.25192,0.178035582
27.628,22.45785342,5.170146576,,0.140461314,0.294610354,,0.27628,0.224578534
35.449,17.46560027,17.98339973,,0.495523788,-0.181821975,,0.35449,0.174656003
29.808,19.86186774,9.946132262,,0.239430268,0.046864203,,0.29808,0.198618677
5.833,18.63964659,-12.80664659,,-0.849001241,-0.069777653,,0.05833,0.186396466
24.679,27.4995508,-2.820550799,,0.006580833,0.77576136,,0.24679,0.274995508
31.859,19.43333045,12.42566955,,0.332542803,0.005967034,,0.31859,0.194333305
83.397,23.23470353,60.16229647,,2.672296009,0.368748523,,0.83397,0.232347035
25.705,19.89577309,5.809226913,,0.0531598,0.050099937,,0.25705,0.198957731
58.141,18.38156738,39.75943262,,1.52570889,-0.094407269,,0.58141,0.183815674
18.782,18.68232218,0.099677822,,-0.261134729,-0.065704936,,0.18782,0.186823222
7.5,17.07844086,-9.57844086,,-0.773321769,-0.218770274,,0.075,0.170784409
27.244,28.52573648,-1.281736478,,0.12302825,0.873694702,,0.27244,0.285257365
17.244,18.66616564,-1.422165641,,-0.330957781,-0.067246825,,0.17244,0.186661656
16.603,20.04423104,-3.441231037,,-0.360058285,0.064267922,,0.16603,0.20044231
16.859,16.85530879,0.003691207,,-0.348436243,-0.240064733,,0.16859,0.168553088
18.397,17.18536517,1.211634835,,-0.278613191,-0.208566024,,0.18397,0.171853652
57.628,26.11444405,31.51355595,,1.502419406,0.643574627,,0.57628,0.261144441
60.321,20.76991179,39.55108821,,1.624677844,0.133522777,,0.60321,0.207699118
23.141,21.1198905,2.021109504,,-0.063242218,0.16692276,,0.23141,0.211198905
5.705,23.24933262,-17.54433262,,-0.854812262,0.370144641,,0.05705,0.232493326
5.962,18.18553383,-12.22353383,,-0.843144821,-0.113115598,,0.05962,0.181855338
5.321,21.39445759,-16.07345759,,-0.872245325,0.193125887,,0.05321,0.213944576
3.269,14.77915419,-11.51015419,,-0.965403259,-0.438201154,,0.03269,0.147791542
4.295,16.93075301,-12.63575301,,-0.918824292,-0.232864765,,0.04295,0.16930753
2.885,13.51776099,-10.63276099,,-0.982836323,-0.558581367,,0.02885,0.13517761
3.782,15.90285325,-12.12085325,,-0.942113776,-0.330961688,,0.03782,0.159028533
4.679,15.22537281,-10.54637281,,-0.901391229,-0.39561658,,0.04679,0.152253728
3.269,15.6543225,-12.3853225,,-0.965403259,-0.354680054,,0.03269,0.156543225
4.423,22.9457142,-18.5227142,,-0.913013271,0.34116902,,0.04423,0.229457142
34.808,23.34929306,11.45870694,,0.466423284,0.379684297,,0.34808,0.233492931
9.295,18.15668695,-8.861686947,,-0.691831277,-0.115868582,,0.09295,0.18156687
19.551,19.45149669,0.099503306,,-0.226223204,0.007700717,,0.19551,0.194514967
6.603,17.56706046,-10.96406046,,-0.814044316,-0.17213919,,0.06603,0.175670605
3.91,16.79316502,-12.88316502,,-0.936302754,-0.245995382,,0.0391,0.16793165
4.808,17.109988,-12.301988,,-0.895534809,-0.215759593,,0.04808,0.17109988
5.449,19.36073782,-13.91173782,,-0.866434304,-0.000960795,,0.05449,0.193607378
10.321,17.1537009,-6.832700896,,-0.64525231,-0.211587883,,0.10321,0.171537009
18.91,18.8097897,0.100210301,,-0.255323708,-0.053540159,,0.1891,0.188097897
19.551,19.010738,0.540262004,,-0.226223204,-0.034362793,,0.19551,0.19010738
13.526,16.85084811,-3.324848111,,-0.499749787,-0.240490435,,0.13526,0.168508481
11.731,21.8789128,-10.1479128,,-0.58124028,0.239359545,,0.11731,0.218789128
12.372,16.88519855,-4.513198551,,-0.552139775,-0.237212224,,0.12372,0.168851986
8.269,18.99733542,-10.72833542,,-0.738410244,-0.035641859,,0.08269,0.189973354
23.013,22.91302719,0.099972809,,-0.06905324,0.338049558,,0.23013,0.229130272
60.577,33.05641612,27.52058388,,1.636299887,1.306077073,,0.60577,0.330564161
13.654,21.02317816,-7.369178164,,-0.493938766,0.157693084,,0.13654,0.210231782
8.654,34.30483848,-25.65083848,,-0.720931781,1.425219423,,0.08654,0.343048385
5.577,13.49527525,-7.918275254,,-0.860623283,-0.560727279,,0.05577,0.134952753
64.423,21.81765901,42.60534099,,1.810902914,0.23351383,,0.64423,0.21817659
9.551,9.912035212,-0.361035212,,-0.680209234,-0.902691387,,0.09551,0.099120352
20.064,24.88266671,-4.81866671,,-0.20293372,0.526020783,,0.20064,0.248826667
7.372,10.35937104,-2.987371039,,-0.779132791,-0.860000193,,0.07372,0.10359371
9.295,9.843595628,-0.548595628,,-0.691831277,-0.909222873,,0.09295,0.098435956
8.782,12.42816145,-3.646161453,,-0.71512076,-0.662566568,,0.08782,0.124281615
26.603,37.16080173,-10.55780173,,0.093927745,1.69777636,,0.26603,0.371608017
9.038,11.03739275,-1.999392748,,-0.703498718,-0.795293646,,0.09038,0.110373928
4.038,17.61454536,-13.57654536,,-0.930491733,-0.1676075,,0.04038,0.176145454
5.449,22.75930484,-17.31030484,,-0.866434304,0.323379168,,0.05449,0.227593048
71.218,14.35797709,56.86002291,,2.119386422,-0.478395908,,0.71218,0.143579771
5.577,29.77857255,-24.20157255,,-0.860623283,0.993258272,,0.05577,0.297785726
5.705,34.12545151,-28.42045151,,-0.854812262,1.408099748,,0.05705,0.341254515
5.192,21.78374696,-16.59174696,,-0.878101745,0.230277457,,0.05192,0.21783747
6.603,7.770642655,-1.167642655,,-0.814044316,-1.107053749,,0.06603,0.077706427
60.192,24.44067655,35.75132345,,1.618821424,0.483839749,,0.60192,0.244406766
10.321,7.912203031,2.408796969,,-0.64525231,-1.09354403,,0.10321,0.07912203
59.423,9.78774818,49.63525182,,1.583909899,-0.914552637,,0.59423,0.097877482
60.705,12.88816767,47.81683233,,1.642110908,-0.618666183,,0.60705,0.128881677
23.526,43.74340819,-20.21740819,,-0.045763756,2.32598299,,0.23526,0.437434082
64.295,31.97683904,32.31816096,,1.805091893,1.203048359,,0.64295,0.31976839
28.526,20.48357316,8.042426843,,0.181229259,0.106196242,,0.28526,0.204835732
13.141,16.75833803,-3.617338028,,-0.517228249,-0.249319073,,0.13141,0.16758338
11.859,21.92356485,-10.06456485,,-0.575429258,0.243620883,,0.11859,0.219235649
12.5,16.21200512,-3.712005122,,-0.546328754,-0.301457987,,0.125,0.162120051
11.603,10.53440392,1.068596075,,-0.587051301,-0.843296047,,0.11603,0.105344039
70.577,22.19522459,48.38177541,,2.090285918,0.269546548,,0.70577,0.221952246
31.987,12.87596274,19.11103726,,0.338353824,-0.619830953,,0.31987,0.128759627
8.013,20.77949014,-12.76649014,,-0.750032286,0.13443688,,0.08013,0.207794901
5.962,14.527857,-8.565856999,,-0.843144821,-0.462183533,,0.05962,0.14527857
67.244,35.43671488,31.80728512,,1.938972373,1.533239288,,0.67244,0.354367149
36.09,15.62070481,20.46929519,,0.524624293,-0.357888336,,0.3609,0.156207048
3.782,10.4740585,-6.6920585,,-0.942113776,-0.849055072,,0.03782,0.104740585
3.91,10.65521879,-6.745218793,,-0.936302754,-0.831766161,,0.0391,0.106552188
10.577,12.31063055,-1.73363055,,-0.633630268,-0.673783051,,0.10577,0.123106306
25.321,17.51239472,7.808605281,,0.035726736,-0.177356178,,0.25321,0.175123947
14.167,16.38005814,-2.213058141,,-0.470649283,-0.28541996,,0.14167,0.163800581
28.397,28.47760515,-0.080605152,,0.175372839,0.869101321,,0.28397,0.284776052
50,44.41210258,5.587897419,,1.156118862,2.38979939,,0.5,0.444121026
64.551,42.95214625,21.59885375,,1.816713935,2.250469438,,0.64551,0.429521463
42.244,36.53466514,5.709334863,,0.804007296,1.638021434,,0.42244,0.365346651
14.423,15.06996765,-0.646967647,,-0.45902724,-0.410447567,,0.14423,0.150699677
23.397,22.62081111,0.776188889,,-0.051620176,0.310162112,,0.23397,0.226208111
31.603,10.42662055,21.17637945,,0.320920761,-0.853582281,,0.31603,0.104266206
55.577,28.96793613,26.60906387,,1.409306871,0.915895729,,0.55577,0.289679361
41.859,37.35378839,4.505211611,,0.786528834,1.716193912,,0.41859,0.373537884
18.397,20.37746547,-1.980465468,,-0.278613191,0.096069926,,0.18397,0.203774655
40.449,40.54861234,-0.099612338,,0.722516804,2.021089791,,0.40449,0.405486123
7.372,9.879250234,-2.507250234,,-0.779132791,-0.9058202,,0.07372,0.098792502
8.654,9.734409905,-1.080409905,,-0.720931781,-0.919642939,,0.08654,0.097344099
38.91,23.96157306,14.94842694,,0.652648354,0.438116829,,0.3891,0.239615731
63.013,34.37610613,28.63689387,,1.746890884,1.432020803,,0.63013,0.343761061
23.654,9.494163186,14.15983681,,-0.039952735,-0.942570724,,0.23654,0.094941632
9.808,10.53424239,-0.726242395,,-0.668541793,-0.843311462,,0.09808,0.105342424
34.038,43.06280317,-9.024803171,,0.431466359,2.261029906,,0.34038,0.430628032
10.064,9.754230698,0.309769302,,-0.656919751,-0.917751355,,0.10064,0.097542307
65.192,15.22355972,49.96844028,,1.84581444,-0.395789611,,0.65192,0.152235597
31.731,17.62006173,14.11093827,,0.326731782,-0.167081049,,0.31731,0.176200617
50.577,16.90204267,33.67495733,,1.182313856,-0.235604717,,0.50577,0.169020427
19.038,17.35521701,1.682782988,,-0.249512687,-0.192356327,,0.19038,0.17355217
60.962,26.94700874,34.01499126,,1.653778349,0.72302988,,0.60962,0.269470087
4.295,12.50271633,-8.207716329,,-0.918824292,-0.655451474,,0.04295,0.125027163
34.679,17.73354062,16.94545938,,0.460566864,-0.156251268,,0.34679,0.177335406
58.013,50.52991985,7.483080152,,1.519897868,2.973649175,,0.58013,0.505299199
5.577,15.59268621,-10.01568621,,-0.860623283,-0.360562272,,0.05577,0.155926862
9.295,14.35399171,-5.058991709,,-0.691831277,-0.47877625,,0.09295,0.143539917
16.218,16.80966894,-0.591668936,,-0.377536748,-0.244420342,,0.16218,0.168096689
16.218,16.11785315,0.100146853,,-0.377536748,-0.310443317,,0.16218,0.161178532
15.064,16.12527348,-1.061273481,,-0.429926736,-0.309735163,,0.15064,0.161252735
26.859,16.76663906,10.09236094,,0.105549788,-0.248526869,,0.26859,0.167666391
61.474,31.84087108,29.63312892,,1.677022434,1.190072348,,0.61474,0.318408711
15.192,14.98813298,0.203867019,,-0.424115714,-0.418257403,,0.15192,0.14988133
27.5,24.62603293,2.873967074,,0.134650292,0.50152911,,0.275,0.246260329
19.423,19.52309386,-0.100093855,,-0.232034225,0.014533544,,0.19423,0.195230939
23.782,17.72052795,6.06147205,,-0.034141714,-0.157493123,,0.23782,0.17720528
53.782,18.24980307,35.53219693,,1.327816379,-0.106982107,,0.53782,0.182498031
13.526,13.39730404,0.128695955,,-0.499749787,-0.570077095,,0.13526,0.13397304
20.833,14.42326522,6.409734783,,-0.168022194,-0.472165179,,0.20833,0.144232652
33.397,24.43364564,8.963354358,,0.402365855,0.483168759,,0.33397,0.244336456
26.09,25.9905389,0.099461102,,0.070638262,0.631749822,,0.2609,0.259905389
58.91,14.85212282,44.05787718,,1.560620415,-0.431237442,,0.5891,0.148521228
63.269,27.69721598,35.57178402,,1.758512926,0.794625404,,0.63269,0.27697216
82.885,49.8053849,33.0796151,,2.649051924,2.904503669,,0.82885,0.498053849
65.064,37.46954661,27.59445339,,1.840003419,1.72724122,,0.65064,0.374695466
74.423,41.16517673,33.25782327,,2.264888945,2.0799312,,0.74423,0.411651767
38.91,12.03993634,26.87006366,,0.652648354,-0.699616572,,0.3891,0.120399363
9.551,9.450663668,0.100336332,,-0.680209234,-0.946722071,,0.09551,0.094506637
66.859,49.2122775,17.6467225,,1.921493911,2.847900862,,0.66859,0.492122775
24.53404327,19.37080542,,,,,,,
22.02710947,10.47840972,,,,,,,
